"STATION","DATE","EVAP","MNPN","MXPN","PRCP","SN32","SN33","SN35","SNOW","SNWD","SX32","SX33","SX35","TMAX","TMIN","TOBS"
"USC00042294","2017-01-01","0.02",,,"0.00","43","45","47","0.0","0.0","48","48","49","56","40","42"
"USC00042294","2017-01-02","0.04",,,"0.00","44","45","48","0.0","0.0","47","47","49","49","41","41"
"USC00042294","2017-01-03","-0.01",,,"0.67","43","45","48","0.0","0.0","47","47","49","51","40","46"
"USC00042294","2017-01-04","0.26",,,"1.05","45","46","48","0.0","0.0","49","48","49","51","44","51"
"USC00042294","2017-01-05","0.13",,,"0.16","47","48","48","0.0","0.0","52","50","50","54","38","38"
"USC00042294","2017-01-06","0.10",,,"0.00","41","44","49","0.0","0.0","49","49","51","49","33","34"
"USC00042294","2017-01-07","0.00",,,"0.16","40","43","48","0.0","0.0","45","45","50","46","33","38"
"USC00042294","2017-01-08","0.00",,,"1.74","42","44","48","0.0","0.0","52","50","50","58","38","58"
"USC00042294","2017-01-09","0.00",,,"1.58","50","48","48","0.0","0.0","56","53","51","59","51","51"
"USC00042294","2017-01-10","0.00",,,"0.97","50","50","50","0.0","0.0","54","53","52","57","50","52"
"USC00042294","2017-01-11","0.20",,,"1.73","50","51","50","0.0","0.0","54","53","53","56","49","49"
"USC00042294","2017-01-12","0.07",,,"0.36","48","49","50","0.0","0.0","54","57","55","56","44","45"
"USC00042294","2017-01-13","0.04",,,"0.02","44","48","51","0.0","0.0","52","51","53","50","35","46"
"USC00042294","2017-01-14","0.08",,"59","0.00","43","45","49","0.0","0.0","49","49","52","57","34","38"
"USC00042294","2017-01-15","0.05",,,"0.00","43","45","49","0.0","0.0","50","49","51","53","36","43"
"USC00042294","2017-01-16","0.03",,,"0.00","44","46","49","0.0","0.0","51","49","53","51","33","35"
"USC00042294","2017-01-17","0.04",,,"0.01","43","46","49","0.0","0.0","50","49","52","50","33","35"
"USC00042294","2017-01-18","0.02",,,"0.08","43","45","49","0.0","0.0","46","47","51","44","34","43"
"USC00042294","2017-01-19","0.31",,,"1.16","44","46","49","0.0","0.0","48","48","51","50","43","49"
"USC00042294","2017-01-20","0.24",,,"1.00","45","46","48","0.0","0.0","51","50","51","57","45","47"
"USC00042294","2017-01-21","0.02",,,"0.08","46","47","49","0.0","0.0","52","50","51","53","44","48"
"USC00042294","2017-01-22","0.15",,,"0.95","46","47","49","0.0","0.0","51","51","51","56","44","50"
"USC00042294","2017-01-23","0.14",,,"0.77","47","48","49","0.0","0.0","52","51","53","56","41","42"
"USC00042294","2017-01-24","0.06",,,"0.01","46","47","49","0.0","0.0","51","50","51","53","39","43"
"USC00042294","2017-01-25","0.06",,,"0.00","44","47","49","0.0","0.0","50","49","51","54","32","36"
"USC00042294","2017-01-26","0.03",,,"0.00","43","45","49","0.0","0.0","49","49","51","54","33","40"
"USC00042294","2017-01-27","0.12",,,"0.00","44","46","49","0.0","0.0","50","49","50","55","39","41"
"USC00042294","2017-01-28","0.09",,,"0.00","43","45","49","0.0","0.0","50","48","50","58","34","44"
"USC00042294","2017-01-29","0.08",,,"0.00","42","45","49","0.0","0.0","50","48","50","58","33","43"
"USC00042294","2017-01-30","0.04",,,"0.00","43","45","49","0.0","0.0","50","48","50","60","33","37"
"USC00042294","2017-01-31","0.05",,,"0.00","43","45","49","0.0","0.0","51","49","50","60","34","37"
"USC00042294","2017-02-01","0.05",,,"0.00","43","46","49","0.0","0.0","50","49","50","56","35","42"
"USC00042294","2017-02-02","0.04",,,"0.35","45","47","49","0.0","0.0","48","48","50","52","41","50"
"USC00042294","2017-02-03","0.39",,,"1.73","46","47","49","0.0","0.0","52","51","50","62","50","54"
"USC00042294","2017-02-04","0.28",,,"0.34","50","50","49","0.0","0.0","54","53","51","60","50","54"
"USC00042294","2017-02-05","0.04",,,"0.02","51","52","51","0.0","0.0","55","53","52","59","47","51"
"USC00042294","2017-02-06","0.05",,,"0.65","50","51","51","0.0","0.0","56","54","53","59","48","53"
"USC00042294","2017-02-07","0.18",,,"1.28","52","53","52","0.0","0.0","58","57","56","58","53","56"
"USC00042294","2017-02-08","0.11",,,"0.35","53","54","59","0.0","0.0","61","59","59","65","55","58"
"USC00042294","2017-02-09","0.00",,,"0.08","55","56","53","0.0","0.0","63","61","58","63","58","58"
"USC00042294","2017-02-10","0.07",,,"0.42","56","57","54","0.0","0.0","64","63","61","62","54","54"
"USC00042294","2017-02-11","0.14",,,"0.00","53","56","54","0.0","0.0","73","70","66","65","45","51"
"USC00042294","2017-02-12","0.25",,,"0.00","50","53","54","0.0","0.0","57","56","56","62","45","54"
"USC00042294","2017-02-13","0.05",,,"0.00","50","52","54","0.0","0.0","56","55","55","65","39","41"
"USC00042294","2017-02-14","0.10",,,"0.00","50","52","54","0.0","0.0","56","55","56","61","39","44"
"USC00042294","2017-02-15","0.10",,,"0.00","50","52","54","0.0","0.0","56","55","56","61","39","50"
"USC00042294","2017-02-16","0.03",,,"0.12","52","54","54","0.0","0.0","57","56","56","60","50","55"
"USC00042294","2017-02-17","0.12",,,"0.22","54","54","54","0.0","0.0","60","58","56","65","50","52"
"USC00042294","2017-02-18","0.23",,,"1.17","53","54","54","0.0","0.0","56","56","56","58","51","54"
"USC00042294","2017-02-19","0.08",,,"0.17","52","54","54","0.0","0.0","63","58","60","60","46","50"
"USC00042294","2017-02-20","0.18",,,"0.80","51","53","54","0.0","0.0","55","55","56","55","47","55"
"USC00042294","2017-02-21","0.09",,,"0.95","52","54","54","0.0","0.0","60","57","58","58","49","52"
"USC00042294","2017-02-22","0.09",,,"0.01","50","53","54","0.0","0.0","57","56","56","60","39","44"
"USC00042294","2017-02-23","0.11",,,"0.00","47","51","54","0.0","0.0","57","56","56","57","34","39"
"USC00042294","2017-02-24","0.09",,,"0.00","46","50","53","0.0","0.0","56","54","55","54","32","37"
"USC00042294","2017-02-25","0.15",,,"0.00","45","49","52","0.0","0.0","55","53","55","54","37","47"
"USC00042294","2017-02-26","0.11",,,"0.00","46","48","52","0.0","0.0","55","53","56","55","32","47"
"USC00042294","2017-02-27","0.10",,,"0.00","45","48","52","0.0","0.0","54","53","56","58","36","41"
"USC00042294","2017-02-28","0.09",,,"0.00","46","49","52","0.0","0.0","55","54","54","56","34","41"
"USC00042294","2017-03-01","0.06",,,"0.00","46","49","52","0.0","0.0","57","54","54","60","37","41"
"USC00042294","2017-03-02","0.21",,,"0.00","46","49","52","0.0","0.0","57","54","54","63","36","43"
"USC00042294","2017-03-03","0.11",,,"0.00","48","50","52","0.0","0.0","59","56","54","67","40","44"
"USC00042294","2017-03-04","0.17",,,"0.00","49","51","52","0.0","0.0","60","57","54","66","43","55"
"USC00042294","2017-03-05","0.20",,,"0.34","51","52","53","0.0","0.0","59","57","55","63","43","47"
"USC00042294","2017-03-06","0.05",,,"0.06","48","51","54","0.0","0.0","57","56","55","50","39","44"
"USC00042294","2017-03-07","0.07",,,"0.04","47","50","53","0.0","0.0","53","53","55","54","37","43"
"USC00042294","2017-03-08","0.04",,,"0.00","47","50","53","0.0","0.0","55","54","56","58","43","48"
"USC00042294","2017-03-09","0.13",,,"0.00","49","50","53","0.0","0.0","60","56","55","67","46","52"
"USC00042294","2017-03-10","0.16",,,"0.00","52","53","54","0.0","0.0","63","59","56","74","51","55"
"USC00042294","2017-03-11","0.12",,,"0.00","55","56","55","0.0","0.0","62","59","57","74","45","57"
"USC00042294","2017-03-12","0.13",,,"0.00","54","56","55","0.0","0.0","66","62","57","76","48","63"
"USC00042294","2017-03-13","0.21",,,"0.00","56","57","57","0.0","0.0","68","63","59","79","46","47"
"USC00042294","2017-03-14","0.20",,,"0.00","57","58","57","0.0","0.0","68","64","59","77","47","49"
"USC00042294","2017-03-15","0.10",,,"0.00","58","59","58","0.0","0.0","71","66","60","81","49","54"
"USC00042294","2017-03-16","0.17",,,"0.00","59","61","60","0.0","0.0","67","65","61","72","51","53"
"USC00042294","2017-03-17","0.07",,,"0.00","59","60","60","0.0","0.0","70","65","61","74","47","55"
"USC00042294","2017-03-18","0.17",,,"0.00","60","61","60","0.0","0.0","72","67","62","79","51","57"
"USC00042294","2017-03-19","0.15","56","70","0.00","60","62","61","0.0","0.0","67","65","62","72","52","59"
"USC00042294","2017-03-20","0.12",,,"0.00","60","61","61","0.0","0.0","71","67","63","74","53","57"
"USC00042294","2017-03-21","0.11",,,"0.95","61","62","61","0.0","0.0","66","65","63","64","55","58"
"USC00042294","2017-03-22","0.10",,,"1.38","59","61","61","0.0","0.0","66","64","63","66","51","53"
"USC00042294","2017-03-23","0.12",,,"0.00","55","59","61","0.0","0.0","66","63","63","63","42","49"
"USC00042294","2017-03-24","0.16",,,"0.05","55","57","60","0.0","0.0","65","62","62","63","49","52"
"USC00042294","2017-03-25","0.11",,,"0.18","57","57","60","0.0","0.0","59","60","61","56","51","54"
"USC00042294","2017-03-31","1.18","45","71","0.00","59","62","61","0.0","0.0","71","67","63","67","51","57"
"USC00042294","2017-04-01","0.46","48","69","0.00","59","61","61","0.0","0.0","69","66","63","72","54","63"
"USC00042294","2017-04-02","0.22","53","82","0.00","60","61","62","0.0","0.0","74","69","64","77","49","63"
"USC00042294","2017-04-03","0.35",,,"0.00","62","64","63","0.0","0.0","75","70","65","81","53","60"
"USC00042294","2017-04-04","0.43",,,"0.00","62","64","63","0.0","0.0","74","69","65","76","50","54"
"USC00042294","2017-04-05","0.18",,,"0.00","63","64","64","0.0","0.0","75","71","66","75","50","55"
"USC00042294","2017-04-06","0.19",,,"0.00","64","65","64","0.0","0.0","74","70","66","74","53","56"
"USC00042294","2017-04-07","0.21",,,"1.10","59","62","64","0.0","0.0","67","67","66","61","50","52"
"USC00042294","2017-04-08","0.12","47","66","0.71","56","59","62","0.0","0.0","63","63","65","63","44","49"
"USC00042294","2017-04-09","0.11","48","68","0.07","55","58","62","0.0","0.0","63","62","63","59","40","49"
"USC00042294","2017-04-10","0.14",,,"0.00","56","57","61","0.0","0.0","66","63","63","62","42","47"
"USC00042294","2017-04-11","0.08","49","78","0.01","55","58","61","0.0","0.0","67","64","62","68","47","55"
"USC00042294","2017-04-12","0.14",,"66","0.01","58","60","61","0.0","0.0","64","63","63","65","52","56"
"USC00042294","2017-04-13","0.25","51","71","0.09","57","59","61","0.0","0.0","64","63","63","65","48","52"
"USC00042294","2017-04-14","0.18","23","71","0.23","54","57","61","0.0","0.0","64","63","62","62","39","49"
"USC00042294","2017-04-15","0.20","47","72","0.00","54","57","60","0.0","0.0","64","62","62","65","40","55"
"USC00042294","2017-04-16","0.18","51","75","0.00","55","57","60","0.0","0.0","67","63","62","71","47","59"
"USC00042294","2017-04-17","0.01","54","58","0.37","58","59","61","0.0","0.0","60","61","62","59","51","56"
"USC00042294","2017-04-18","0.04",,"65","0.05","58","58","60","0.0","0.0","62","61","61","62","54","56"
"USC00042294","2017-04-19","0.20",,"81","0.01","57","59","60","0.0","0.0","69","65","62","69","44","52"
"USC00042294","2017-04-20","0.23",,"78","0.05","57","60","61","0.0","0.0","67","64","62","68","49","59"
"USC00042294","2017-04-21","0.20","51","80","0.00","58","61","61","0.0","0.0","68","65","63","70","49","59"
"USC00042294","2017-04-22","0.28","52","83","0.00","58","60","61","0.0","0.0","68","65","63","81","49","65"
"USC00042294","2017-04-23","0.17","52","76","0.00","58","61","62","0.0","0.0","67","65","63","74","47","63"
"USC00042294","2017-04-24","0.25","55","83","0.00","59","61","62","0.0","0.0","71","67","64","74","54","56"
"USC00042294","2017-04-25","0.18",,"76","0.00","61","63","63","0.0","0.0","68","66","64","67","49","56"
"USC00042294","2017-04-26","0.19","55","80","0.00","61","62","63","0.0","0.0","72","68","65","71","56","59"
"USC00042294","2017-04-27","0.19","54","80","0.00","63","65","64","0.0","0.0","73","69","66","72","49","59"
"USC00042294","2017-04-28","0.32","52","81","0.00","63","65","65","0.0","0.0","76","71","66","77","55","59"
"USC00042294","2017-04-29","0.58",,,"0.00",,,,"0.0","0.0",,,,"74","47","69"
"USC00042294","2017-04-30","0.39","56","80","0.00","65","67","65","0.0","0.0","76","71","67","83","46","70"
"USC00042294","2017-05-01","0.27","59","90","0.00","65","67","66","0.0","0.0","80","74","68","86","60","70"
"USC00042294","2017-05-02","0.57","62","84","0.00","69","70","68","0.0","0.0","81","76","69","89","67","75"
"USC00042294","2017-05-03","0.43","65","87","0.00","72","72","69","0.0","0.0","83","78","71","90","69","77"
"USC00042294","2017-05-04","0.28","68","95","0.00","74","74","70","0.0","0.0","87","81","72","95","59","73"
"USC00042294","2017-05-05","0.37","56","91","0.00","73","75","72","0.0","0.0","87","82","74","90","53","60"
"USC00042294","2017-05-06","0.42","53","85","0.00","71","74","73","0.0","0.0","85","80","74","85","48","59"
"USC00042294","2017-05-07","0.37","53","79","0.00","71","73","72","0.0","0.0","81","78","74","71","54","69"
"USC00042294","2017-05-08","0.33","57","85","0.00","71","73","72","0.0","0.0","83","79","73","76","49","61"
"USC00042294","2017-05-09","0.31","59","86","0.00","71","73","72","0.0","0.0","84","79","74","87","51","67"
"USC00042294","2017-05-10","0.33","57","91","0.00","72","74","73","0.0","0.0","86","81","75","92","55","60"
"USC00042294","2017-05-11","0.40","52","81","0.00","70","73","73","0.0","0.0","83","79","75","74","52","59"
"USC00042294","2017-05-12","0.36","52","83","0.00","69","72","73","0.0","0.0","82","78","75","74","49","57"
"USC00042294","2017-05-13","0.30","49","80","0.00","68","72","72","0.0","0.0","81","78","74","74","42","60"
"USC00042294","2017-05-14","0.26","52","81","0.00","68","71","72","0.0","0.0","81","77","74","73","44","62"
"USC00042294","2017-05-15","0.20","53","79","0.00","68","71","72","0.0","0.0","79","76","74","71","44","57"
"USC00042294","2017-05-16","0.38","52","84","0.00","68","71","72","0.0","0.0","81","77","73","80","49","54"
"USC00042294","2017-05-17","0.12","52","71","0.00","67","70","72","0.0","0.0","75","74","73","69","46","60"
"USC00042294","2017-05-18","0.33","55","79","0.33","66","69","71","0.0","0.0","78","75","73","77","47","67"
"USC00042294","2017-05-19","0.36","59","83","0.00","68","70","72","0.0","0.0","81","76","73","85","54","68"
"USC00042294","2017-05-20","0.34","62","90","0.00","70","72","72","0.0","0.0","84","79","74","91","53","77"
"USC00042294","2017-05-21","0.34","65","95","0.00","73","74","73","0.0","0.0","87","81","75","94","55","81"
"USC00042294","2017-05-22","0.26","68","97","0.00","76","76","74","0.0","0.0","89","83","76","96","57","72"
"USC00042294","2017-05-23","0.43","67","98","0.00","77","78","75","0.0","0.0","89","84","77","97","57","73"
"USC00042294","2017-05-24","0.28","61","98","0.00","78","78","76","0.0","0.0","91","86","78","98","55","64"
"USC00042294","2017-05-25","0.20","55","86","0.00","74","77","77","0.0","0.0","87","83","78","84","53","60"
"USC00042294","2017-05-26","0.25","56","80","0.00","72","75","76","0.0","0.0","84","81","78","72","51","60"
"USC00042294","2017-05-27","0.29","56","82","0.00","71","74","75","0.0","0.0","83","80","77","73","52","68"
"USC00042294","2017-05-28","0.25","59","88","0.00","71","74","75","0.0","0.0","85","80","77","81","51","70"
"USC00042294","2017-05-29","0.26","62","91","0.00","73","75","75","0.0","0.0","87","82","77","87","54","70"
"USC00042294","2017-05-30","0.18","59","88","0.00","75","77","76","0.0","0.0","86","83","78","85","53","63"
"USC00042294","2017-05-31","0.36","61","83","0.03","75","76","76","0.0","0.0","84","81","78","80","56","62"
"USC00042294","2017-06-01","0.30","63","89","0.00","75","76","76","0.0","0.0","86","82","78","82","55","69"
"USC00042294","2017-06-02","0.30","65","93","0.00","75","76","76","0.0","0.0","88","84","78","86","56","67"
"USC00042294","2017-06-03","0.34",,,"0.00",,,,"0.0","0.0",,,,"92","58","75"
"USC00042294","2017-06-04","0.29","62","92","0.00","77","79","77","0.0","0.0","89","85","79","90","53","75"
"USC00042294","2017-06-05","0.35","61","91","0.00","77","79","78","0.0","0.0","90","85","79","87","49","63"
"USC00042294","2017-06-06","0.30","64","92","0.00","76","78","78","0.0","0.0","89","85","80","91","53","66"
"USC00042294","2017-06-07","0.32","62","92","0.00","77","79","78","0.0","0.0","90","86","80","89","55","66"
"USC00042294","2017-06-08","0.13","60","85","0.16","76","79","79","0.0","0.0","86","84","80","85","56","58"
"USC00042294","2017-06-09","0.18","61","79","0.01","74","76","78","0.0","0.0","80","79","80","71","58","65"
"USC00042294","2017-06-10","0.29","58","85","0.00","72","75","77","0.0","0.0","84","81","78","77","46","69"
"USC00042294","2017-06-11","0.29","58","87","0.00","72","74","76","0.0","0.0","84","81","78","78","45","63"
"USC00042294","2017-06-12","0.22","52","74","0.60","66","70","75","0.0","0.0","77","77","78","68","47","58"
"USC00042294","2017-06-13","0.08","55","85","0.00","66","69","74","0.0","0.0","77","75","77","73","52","64"
"USC00042294","2017-06-14","0.35","64","91","0.00","68","71","74","0.0","0.0","81","77","75","83","56","69"
"USC00042294","2017-06-15","0.19","67","94","0.00","71","73","74","0.0","0.0","85","81","76","89","56","69"
"USC00042294","2017-06-16","0.32","69","95","0.00","74","75","75","0.0","0.0","88","83","78","94","66","79"
"USC00042294","2017-06-17","0.43",,,"0.00",,,,"0.0","0.0",,,,"100","70","85"
"USC00042294","2017-06-18","0.63","71","95","0.00","84","82","78","0.0","0.0","94","88","81","100","81","91"
"USC00042294","2017-06-19","0.46","75","100","0.00","84","83","80","0.0","0.0","97","90","82","105","70","87"
"USC00042294","2017-06-20","0.46","72","104","0.00","85","85","81","0.0","0.0","98","92","84","103","68","82"
"USC00042294","2017-06-21","0.42","72","104","0.00","83","85","82","0.0","0.0","95","91","84","101","65","82"
"USC00042294","2017-06-22","0.59","74","100","0.00","83","84","82","0.0","0.0","96","91","85","105","76","89"
"USC00042294","2017-06-23","0.62","71","97","0.00","85","86","83","0.0","0.0","97","92","85","106","66","80"
"USC00042294","2017-06-24","0.42","67","100","0.00","83","86","83","0.0","0.0","95","91","85","101","60","78"
"USC00042294","2017-06-25","0.42","63","96","0.00","82","84","83","0.0","0.0","95","91","85","97","58","74"
"USC00042294","2017-06-26","0.39","60","94","0.00","81","84","84","0.0","0.0","94","90","86","89","57","67"
"USC00042294","2017-06-27","0.37","60","91","0.00","80","83","83","0.0","0.0","93","89","85","86","55","65"
"USC00042294","2017-06-28","0.30","62","93","0.00","80","82","83","0.0","0.0","93","89","85","88","56","66"
"USC00042294","2017-06-29","0.39","64","97","0.00","81","83","83","0.0","0.0","93","90","85","90","55","69"
"USC00042294","2017-06-30","0.34","63","95","0.00","81","83","83","0.0","0.0","94","89","85","93","55","68"
"USC00042294","2017-07-01","0.41","62","94","0.00","83","85","83",,,"93","81","89","93","54","76"
"USC00042294","2017-07-02","0.30","64","94","0.00","83","85","83",,,"93","80","89","90","54","76"
"USC00042294","2017-07-03","0.32","63","95","0.00","81","83","83",,,"94","90","85","91","58","70"
"USC00042294","2017-07-04","0.42","65","91","0.00","80","83","83",,,"93","89","85","93","55","76"
"USC00042294","2017-07-05","0.36","62","93","0.00","80","83","83",,,"93","89","85","93","56","67"
"USC00042294","2017-07-06","0.32","65","91","0.00","80","82","83",,,"91","88","85","93","56","74"
"USC00042294","2017-07-07","0.32","67","98","0.00","80","82","82",,,"93","89","84","100","60","78"
"USC00042294","2017-07-08","0.44","71","99","0.00","82","84","83",,,"95","90","85","107","61","86"
"USC00042294","2017-07-09","0.19","66","98","0.00","84","85","83",,,"96","91","85","105","52","75"
"USC00042294","2017-07-10","0.51","65","97","0.00","83","84","84",,,"95","91","86","98","58","73"
"USC00042294","2017-07-11","0.35","64","96","0.00","83","84","84",,,"96","91","86","96","58","69"
"USC00042294","2017-07-12","0.37","65","94","0.00","82","84","84",,,"94","90","86","90","58","72"
"USC00042294","2017-07-13","0.32","64","96","0.00","82","84","84",,,"94","90","86","93","56","71"
"USC00042294","2017-07-14","0.40","66","96","0.00","82","83","83",,,"93","90","86","91","58","71"
"USC00042294","2017-07-15","0.37","66","97","0.00","82","83","83",,,"93","89","85","95","55","75"
"USC00042294","2017-07-16","0.29","68","98","0.00","82","83","84",,,"93","89","85","101","67","90"
"USC00042294","2017-07-17","0.41","70","101","0.00","84","85","84",,,"95","91","86","102","62","78"
"USC00042294","2017-07-18","0.44","62","98","0.00","83","85","84",,,"95","91","86","101","57","64"
"USC00042294","2017-07-19","0.37","63","91","0.00","82","84","84",,,"93","90","86","87","53","67"
"USC00042294","2017-07-20","0.29","64","95","0.00","81","83","84",,,"94","90","86","92","57","68"
"USC00042294","2017-07-21","0.39","64","96","0.00","64","84","84",,,"94","90","86","92","57","68"
"USC00042294","2017-07-22","0.41","67","98","0.00","82","84","84",,,"95","90","86","95","56","77"
"USC00042294","2017-07-23","0.33","69","100","0.00","83","84","84",,,"95","91","86","101","61","79"
"USC00042294","2017-07-24","0.37","66","99","0.00","84","85","85",,,"96","91","87","100","62","71"
"USC00042294","2017-07-25","0.39","64","93","0.00","83","86","85",,,"94","91","87","91","57","71"
"USC00042294","2017-07-26","0.33","64","95","0.00","82","84","85",,,"94","90","87","91","57","72"
"USC00042294","2017-07-27","0.31","66","97","0.00","82","84","84",,,"95","91","86","94","58","71"
"USC00042294","2017-07-28","0.37","69","99","0.00","83","85","84",,,"95","91","87","99","60","74"
"USC00042294","2017-07-30",,"64","97","0.00","83","85","85","0.0","0.0","95","91","87","93","53","73"
"USC00042294","2017-07-31","0.54","66","97","0.00","82","84","85",,,"94","90","87","95","59","70"
"USC00042294","2017-08-01","0.32","69","98","0.00","83","85","85","0.0","0.0","95","90","86","98","61","73"
"USC00042294","2017-08-02","0.41","69","98","0.00","84","85","85","0.0","0.0","95","91","87","101","62","75"
"USC00042294","2017-08-03","0.39","70","98","0.00","85","86","85","0.0","0.0","96","92","87","99","69","80"
"USC00042294","2017-08-04","0.36","70","96","0.00","86","87","85","0.0","0.0","95","92","88","98","70","75"
"USC00042294","2017-08-05","0.27","67","87","0.00","84","86","85","0.0","0.0","91","89","87","90","64","73"
"USC00042294","2017-08-06","0.34","65","95","0.00","84","85","85","0.0","0.0","94","90","87","94","59","76"
"USC00042294","2017-08-07","0.29","64","94","0.00","83","85","85","0.0","0.0","94","91","87","88","56","68"
"USC00042294","2017-08-08","0.33","65","95","0.00","83","84","85","0.0","0.0","94","90","87","90","56","66"
"USC00042294","2017-08-09","0.32","64","95","0.00","82","84","85","0.0","0.0","94","90","87","92","58","67"
"USC00042294","2017-08-10","0.28","65","95","0.00","83","84","85","0.0","0.0","93","90","87","90","58","66"
"USC00042294","2017-08-11","0.30","67","96","0.00","83","84","85","0.0","0.0","93","90","86","92","60","70"
"USC00042294","2017-08-12","0.32","66","97","0.00","82","84","84","0.0","0.0","93","90","86","96","60","78"
"USC00042294","2017-08-13","0.31","63","96","0.00","83","84","84","0.0","0.0","93","90","86","95","56","75"
"USC00042294","2017-08-14","0.32","64","92","0.00","82","84","85","0.0","0.0","92","89","86","88","60","67"
"USC00042294","2017-08-15","0.26","61","91","0.00","81","84","84","0.0","0.0","91","88","86","80","55","65"
"USC00042294","2017-08-16","0.33","62","91","0.00","80","82","84","0.0","0.0","90","87","86","81","55","66"
"USC00042294","2017-08-17","0.26","64","91","0.00","77","82","83","0.0","0.0","90","87","85","87","59","67"
"USC00042294","2017-08-18","0.29","65","95","0.00","81","82","83","0.0","0.0","91","88","85","93","59","68"
"USC00042294","2017-08-19","0.29","66","95","0.00","81","83","83","0.0","0.0","91","88","85","95","59","74"
"USC00042294","2017-08-20","0.28","65","95","0.00","82","83","83","0.0","0.0","91","88","85","93","58","75"
"USC00042294","2017-08-21","0.23","67","94","0.00","82","83","84","0.0","0.0","91","88","85","90","62","70"
"USC00042294","2017-08-22","0.25","66","91","0.00","81","83","83","0.0","0.0","89","87","85","85","60","69"
"USC00042294","2017-08-23","0.20","67","95","0.00","81","82","83","0.0","0.0","90","87","85","93","59","71"
"USC00042294","2017-08-24","0.34","65","96","0.00","81","83","83","0.0","0.0","90","88","85","96","58","68"
"USC00042294","2017-08-25","0.26","62","92","0.00","78","82","83","0.0","0.0","89","86","85","89","53","64"
"USC00042294","2017-08-26","0.15","63","94","0.00","78","81","83","0.0","0.0","88","86","84","96","59","77"
"USC00042294","2017-08-27","0.36","68","96","0.00","79","81","82","0.0","0.0","89","86","84","105","66","79"
"USC00042294","2017-08-28",,"71","98","0.00","81","82","83","0.0","0.0","91","87","85","107","63","78"
"USC00042294","2017-08-29","0.27","71","99","0.00","82","83","83","0.0","0.0","92","88","85","108","64","76"
"USC00042294","2017-08-30","0.32","65","96","0.00","82","84","84","0.0","0.0","92","89","85","96","56","66"
"USC00042294","2017-08-31","0.24","65","95","0.00","81","83","84","0.0","0.0","91","88","85","97","55","72"
"USC00042294","2017-09-01","0.39","66","91","0.00","81","82","83","0.0","0.0","90","87","85","100","67","82"
"USC00042294","2017-09-02","0.39","68","92","0.00","80","82","83","0.0","0.0","90","87","85","110","67","84"
"USC00042294","2017-09-03","0.28","72","97","0.00","82","83","83","0.0","0.0","91","88","85","108","70","90"
"USC00042294","2017-09-04","0.23","72","94","0.00","84","85","84","0.0","0.0","91","88","85","104","67","86"
"USC00042294","2017-09-05","0.15","71","87","0.00","83","84","84","0.0","0.0","89","87","85","94","73","78"
"USC00042294","2017-09-06","0.23","71","94","0.00","83","84","84","0.0","0.0","92","89","85","92","67","74"
"USC00042294","2017-09-07","0.38","67","94","0.00","83","84","84","0.0","0.0","92","89","86","92","66","71"
"USC00042294","2017-09-08","0.21","64","81","0.00","80","82","84","0.0","0.0","87","86","86","77","59","70"
"USC00042294","2017-09-09","0.33","66","92","0.00","79","81","83","0.0","0.0","89","86","85","89","58","69"
"USC00042294","2017-09-10","0.24","67","94","0.00","79","81","83","0.0","0.0","89","86","84","95","60","80"
"USC00042294","2017-09-11","0.28","69","93","0.00","80","82","83","0.0","0.0","90","87","84","99","67","80"
"USC00042294","2017-09-12","0.29","69","97","0.00","82","83","83","0.0","0.0","91","88","85","99","64","73"
"USC00042294","2017-09-13","0.36","67","94","0.00","82","83","83","0.0","0.0","91","88","85","95","65","72"
"USC00042294","2017-09-14","0.15","63","90","0.00","81","83","83","0.0","0.0","90","87","85","85","60","65"
"USC00042294","2017-09-15","0.25","58","82","0.00","77","81","83","0.0","0.0","85","84","85","78","54","65"
"USC00042294","2017-09-16","0.09","58","82","0.00","81","85","83","0.0","0.0","85",,"84","86","53","63"
"USC00042294","2017-09-17","0.22","62","87","0.00","77","79","82","0.0","0.0","86","83","84","85","53","58"
"USC00042294","2017-09-18","0.28","62","87","0.00","76","78","81","0.0","0.0","94","82","82","85","58","70"
"USC00042294","2017-09-19","0.26","56","84","0.00","75","78","80","0.0","0.0","83","82","82","84","52","59"
"USC00042294","2017-09-20","0.21","57","82","0.00","74","77","80","0.0","0.0","82","80","81","80","55","67"
"USC00042294","2017-09-21","0.24","55","83","0.00","73","76","79","0.0","0.0","81","80","81","80","49","59"
"USC00042294","2017-09-22","0.25","53","80","0.00","72","75","79","0.0","0.0","80","79","80","73","45","55"
"USC00042294","2017-09-23","0.11","53","80","0.00","72","75","79","0.0","0.0","80","79","80","76","54","63"
"USC00042294","2017-09-24","0.39","52","78","0.00","71","74","78","0.0","0.0","79","77","80","75","54","65"
"USC00042294","2017-09-25","0.28","55","78","0.00","71","73","77","0.0","0.0","78","76","78","84","55","65"
"USC00042294","2017-09-26","0.38","58","80","0.00","71","73","77","0.0","0.0","78","77","78","88","59","69"
"USC00042294","2017-09-27","0.39","58","83","0.00","72","74","76","0.0","0.0","79","78","77","92","57","70"
"USC00042294","2017-09-28","0.30","59","87","0.00","72","74","76","0.0","0.0","80","78","77","92","52","69"
"USC00042294","2017-09-29","0.25","59","86","0.00","72","74","76","0.0","0.0","79","78","77","90","53","65"
"USC00042294","2017-09-30","0.25","58","82","0.00","72","74","76","0.0","0.0","79","78","77","86","52","65"
"USC00042294","2017-10-01","0.33","57","82","0.00","72","74","76",,,"79","77","77","86","60","71"
"USC00042294","2017-10-02","0.63","52","75","0.00","72","74","76",,,"78","77","77","82","60","64"
"USC00042294","2017-10-03","0.38","48","74","0.00","69","72","76",,,"78","76","77","79","46","59"
"USC00042294","2017-10-04","0.37","50","74","0.00","68","71","75",,,"75","75","76","79","44","58"
"USC00042294","2017-10-05","0.24","52","77","0.00","68","71","75",,,"75","74","76","81","44","60"
"USC00042294","2017-10-06","0.29","53","77","0.00","67","70","74",,,"75","73","75","84","47","63"
"USC00042294","2017-10-07","0.28","54","80","0.00","67","70","73",,,"75","73","74","90","46","65"
"USC00042294","2017-10-08","0.27","55","81","0.00","68","70","73",,,"75","74","74","90","53","68"
"USC00042294","2017-10-09","0.70","52","72","0.00","69","71","73",,,"75","73","74","80","62","66"
"USC00042294","2017-10-10","0.19","53","77","0.00","68","71","73",,,"75","74","74","82","45","57"
"USC00042294","2017-10-11","0.24","54","76","0.00","68","70","73",,,"74","73","74","82","48","59"
"USC00042294","2017-10-12","0.43","48","69","0.00","66","69","72",,,"72","72","74","76","54","58"
"USC00042294","2017-10-13","0.37","48","70","0.00","65","68","72",,,"72","71","73","76","44","59"
"USC00042294","2017-10-14","0.42","49","72","0.00","64","67","71",,,"71","70","72","80","53","65"
"USC00042294","2017-10-15","0.34","50","72","0.00","64","67","71",,,"71","70","72","80","43","65"
"USC00042294","2017-10-16","0.30","51","75","0.00","64","66","70",,,"70","69","71","82","47","54"
"USC00042294","2017-10-17","0.20","52","74","0.00","64","66","70",,,"70","69","71","84","46","54"
"USC00042294","2017-10-18","0.17","51","73","0.00","63","66","70",,,"69","68","70","82","43","55"
"USC00042294","2017-10-19","0.17","51","75","0.00","63","65","69",,,"69","68","70","81","52","56"
"USC00042294","2017-10-20","0.19","52","73","0.18","63","65","69",,,"69","68","70","73","49","53"
"USC00042294","2017-10-21","0.16","48","67","0.00","60","64","68",,,"67","67","70","66","42","53"
"USC00042294","2017-10-22","0.14","48","71","0.00","60","63","67",,,"66","66","69","73","43","60"
"USC00042294","2017-10-23","0.18","52","73","0.00","61","63","67",,,"67","66","68","76","53","62"
"USC00042294","2017-10-24","0.19","57","79","0.00","63","64","67",,,"69","68","68","84","51","73"
"USC00042294","2017-10-25","0.16","58","81","0.00","64","65","68",,,"70","68","69","89","52","62"
"USC00042294","2017-10-26","0.00","58","80","0.00","64","66","68",,,"70","69","69","87","50","60"
"USC00042294","2017-10-27","0.26","57","79","0.00","64","66","68",,,"70","69","69","88","51","62"
"USC00042294","2017-10-28","0.22",,,"0.00",,,,,,,,,"88","48","63"
"USC00042294","2017-10-29","0.15","55","78","0.00","64","65","68",,,"70","68","69","88","47","61"
"USC00042294","2017-10-30","0.12","53","74","0.00","64","65","68",,,"69","68","69","82","48","53"
"USC00042294","2017-10-31","0.06","43","69","0.00","62","65","68",,,"68","67","69","70","41","49"
"USC00042294","2017-11-01","0.06","49","69","0.00","61","64","67","0.0","0.0","66","66","68","71","43","50"
"USC00042294","2017-11-02","0.13","49","68","0.00","61","63","66","0.0","0.0","66","66","68","71","48","51"
"USC00042294","2017-11-03","0.10","51","64","0.00","61","63","66","0.0","0.0","64","65","67","69","51","57"
"USC00042294","2017-11-04","0.13",,,"0.18",,,,"0.0","0.0",,,,"67","54","58"
"USC00042294","2017-11-05","0.15","42","66","0.00","57","61","65","0.0","0.0","64","64","66","67","37","49"
"USC00042294","2017-11-06","0.06","43","62","0.00","57","60","65","0.0","0.0","62","62","66","61","42","47"
"USC00042294","2017-11-07","0.13","43","64","0.00","55","58","64","0.0","0.0","62","61","65","64","38","48"
"USC00042294","2017-11-08","0.13","43","63","0.00","55","58","63","0.0","0.0","60","60","64","65","42","48"
"USC00042294","2017-11-09","0.07","47","57","0.25","55","57","62","0.0","0.0","59","59","63","62","48","56"
"USC00042294","2017-11-10","0.08","54","67","0.01","58","58","62","0.0","0.0","61","61","63","69","52","55"
"USC00042294","2017-11-11","0.07","48","63","0.01","57","59","62","0.0","0.0","61","61","63","68","40","51"
"USC00042294","2017-11-12","0.07","48","63","0.00","56","58","62","0.0","0.0","61","60","63","66","43","56"
"USC00042294","2017-11-13","0.10","50","64","0.00","56","58","62","0.0","0.0","60","60","63","66","48","54"
"USC00042294","2017-11-14","0.07","50","64","0.00","57","58","61","0.0","0.0","61","61","63","69","41","48"
"USC00042294","2017-11-15","0.05","50","65","0.14","57","59","62","0.0","0.0","61","60","63","65","47","50"
"USC00042294","2017-11-16","0.07","52","57","0.85","57","58","61","0.0","0.0","59","59","62","58","50","55"
"USC00042294","2017-11-17","0.01","49","59","0.06","57","59","61","0.0","0.0","59","60","62","58","47","49"
"USC00042294","2017-11-18","0.14","41","60","0.00","53","55","61","0.0","0.0","59","59","62","60","40","50"
"USC00042294","2017-11-19","0.10","41","57","0.00","51","54","60","0.0","0.0","56","56","61","62","35","46"
"USC00042294","2017-11-20","0.04","41","56","0.00","50","53","59","0.0","0.0","54","55","60","60","39","54"
"USC00042294","2017-11-21","0.04","51","57","0.01","54","55","59","0.0","0.0","56","57","59","58","50","52"
"USC00042294","2017-11-22","0.09","51","62","0.01","54","55","59","0.0","0.0","58","58","60","66","49","55"
"USC00042294","2017-11-23","0.04","52","62","0.00","55","56","59","0.0","0.0","58","58","60","67","49","52"
"USC00042294","2017-11-24","0.01","53","59","0.00","55","57","59","0.0","0.0","58","58","60","64","50","54"
"USC00042294","2017-11-25","0.06","53","64","0.00","56","57","59","0.0","0.0","60","59","60","67","51","53"
"USC00042294","2017-11-26","0.01","53","61","0.00","57","57","59","0.0","0.0","59","59","60","62","53","61"
"USC00042294","2017-11-27","0.13","48","60","0.13","56","58","60","0.0","0.0","59","59","60","63","46","49"
"USC00042294","2017-11-28","0.10","43","58","0.00","53","56","60","0.0","0.0","58","59","61","59","38","41"
"USC00042294","2017-11-29","0.10","43","56","0.01","52","54","59","0.0","0.0","56","56","60","63","41","48"
"USC00042294","2017-11-30","0.05","42","58","0.00","51","53","58","0.0","0.0","55","55","59","63","39","42"
"USC00042294","2017-12-01","0.19","41","57","0.00","49","52","57","0.0","0.0","54","54","58","63","35","40"
"USC00042294","2017-12-02","0.08","40","54","0.00","49","51","57","0.0","0.0","53","53","57","65","37","44"
"USC00042294","2017-12-03","0.08","41","52","0.00","48","51","56","0.0","0.0","52","53","57","59","42","54"
"USC00042294","2017-12-04","0.15","40","56","0.00","49","51","56","0.0","0.0","53","53","56","59","45","47"
"USC00042294","2017-12-05","0.21","41","55","0.00","48","51","55","0.0","0.0","51","52","56","61","47","50"
"USC00042294","2017-12-06","0.28","38","58","0.00","47","50","55","0.0","0.0","52","52","56","66","31","33"
"USC00042294","2017-12-07","0.11","37","52","0.00","46","49","54","0.0","0.0","50","51","55","62","31","34"
"USC00042294","2017-12-08","0.13","38","54","0.00","45","48","54","0.0","0.0","49","50","54","67","32","34"
"USC00042294","2017-12-09","0.16","37","53","0.00","45","47","53","0.0","0.0","49","49","54","63","30","41"
"USC00042294","2017-12-10","0.15","37","53","0.00","44","47","52","0.0","0.0","49","49","53","65","29","45"
"USC00042294","2017-12-11",,"37","53","0.00","44","47","52","0.0","0.0","48","49","53","64","31","34"
"USC00042294","2017-12-12","0.11","29","63","0.00","44","46","52","0.0","0.0","48","48","52","64","29","37"
"USC00042294","2017-12-13","0.10","27","61","0.00","43","43","51","0.0","0.0","48","48","52","63","27","32"
"USC00042294","2017-12-14",,,,,,,,"0.0","0.0",,,,,,
"USC00042294","2017-12-15","0.08","32","61","0.00","43","45","50","0.0","0.0","47","47","51","65","32","37"
"USC00042294","2017-12-16","0.25","36","51","0.00","43","45","50","0.0","0.0","48","48","51","62","36","54"
"USC00042294","2017-12-17","0.47","41","55","0.00","45","47","50","0.0","0.0","49","49","51","62","48","49"
"USC00042294","2017-12-18","0.16","40","55","0.00","46","47","50","0.0","0.0","50","49","51","64","34","40"
"USC00042294","2017-12-19","0.10","39","52","0.00","45","47","50","0.0","0.0","48","48","51","62","33","38"
"USC00042294","2017-12-20","0.11","41","51","0.03","44","46","50","0.0","0.0","49","49","51","58","38","44"
"USC00042294","2017-12-21","0.12","40","54","0.00","45","47","50","0.0","0.0","50","49","51","56","39","41"
"USC00042294","2017-12-22","0.57","39","52","0.00","43","46","50","0.0","0.0","48","48","51","57","29","33"
"USC00042294","2017-12-23","0.16","38","46","0.00","43","45","50","0.0","0.0","46","47","51","52","32","37"
"USC00042294","2017-12-24","0.04","39","54","0.00","44","45","50","0.0","0.0","47","47","50","56","36","42"
"USC00042294","2017-12-25","0.02","40","47","0.00","44","45","50","0.0","0.0","47","47","50","55","36","38"
"USC00042294","2017-12-26","0.05","39","51","0.00","44","46","50","0.0","0.0","48","48","50","60","31","32"
"USC00042294","2017-12-27","0.06","39","51","0.00","44","46","50","0.0","0.0","48","48","50","62","30","31"
"USC00042294","2017-12-28","0.05","39","52","0.00","44","46","50","0.0","0.0","47","48","50","61","31","34"
"USC00042294","2017-12-29","0.42","39","52","0.00","43","45","49","0.0","0.0","48","47","50","63","33","43"
"USC00042294","2017-12-30","0.08","39","52","0.00","39","43","49","0.0","0.0","48","47","50","62","31","32"
"USC00042294","2017-12-31","0.03","39","52","0.00","43","45","49","0.0","0.0","47","47","50","61","32","36"
